would,4,
definitely,3,
recommend,1,
movie,20,
another,1,
win,1,
marvel,8,
excellent,1,
job,1,
keeping,1,
super,1,
hero,1,
formula,1,
fresh,1,
best,3,
i,11,
seen,2,
spiderman,5,
he,3,
spider-man,2,
series,1,
thriving,1,
harder,1,
no,1,
way,5,
home,3,
with,1,
doubt,1,
true,2,
classic,2,
within,1,
lineup,1,
his,3,
wa,7,
not,1,
concept,1,
expected,1,
action,2,
loved,1,
two,1,
seeing,2,
3,2,
spider-men,1,
actor,1,
get,2,
together,3,
fantastic,1,
set,1,
everything,2,
watching,2,
tom,2,
beat,1,
demon,1,
corrupted,1,
2,2,
nice,1,
end,1,
bsolutely,2,
amazing,2,
great,1,
cameo,1,
strory,1,
ca,1,
n't,5,
wait,1,
see,1,
holland,1,
back,2,
life,1,
opinion,1,
better,2,
avenger,1,
endgame,1,
watch,4,
three,1,
spidermans,2,
fighting,1,
villain,1,
awesome,1,
hype,2,
plot,3,
hole,1,
amzing,1,
story,1,
bit,2,
flawed,1,
well,2,
put,1,
togheter,1,
doe,3,
even,4,
matter,1,
rarely,1,
cinema,1,
one,1,
big,1,
emotional,1,
watched,1,
whole,1,
time,5,
pretend,1,
came,1,
digital,1,
plataforms,1,
recommended,1,
every,1,
superhero,1,
fan,2,
general,1,
wo,2,
dissapointed,1,
guaranty,1,
like,4,
mother,1,
probably,1,
find,1,
joy,1,
likr,1,
mom,1,
clever,1,
tying,1,
thing,1,
wow,1,
over-serialization,1,
getting,2,
heavy,1,
also,3,
ran,1,
30,1,
min,1,
long,1,
crazy,1,
run,1,
always,1,
epic,1,
liked,1,
im,1,
pretty,1,
burnt,1,
film,3,
wish,1,
let,1,
know,1,
happen,1,
might,1,
stop,1,
ets,1,
ever,1,
made,1,
joke,1,
really,3,
brings,1,
10/10,1,
pider-man,1,
basically,1,
dream,1,
come,1,
say,1,
but,2,
outcome,1,
battle,1,
strange,2,
peter,1,
disappointing,1,
losing,1,
mirror,1,
dimension,1,
make,1,
sense,1,
n,1,
last,1,
year,1,
good,1,
bad,2,
worst,1,
still,1,
earned,1,
over-the-top,1,
dumbness..,1,
it,1,
torture,1,
time..,1,
leave,1,
brain,1,
going,1,
catch,1,
one..,1,
fun,1,
give,1,
depth,1,
mcu,1,
never,1,
try,1,
deliver,1,
much,1,
service,1,
feel,1,
forgot,1,
along,1,
without,1,
return,1,
old,1,
quite,1,
idea,1,
think,1,
explained,1,
character,1,
first,1,
ike,1,
previous,1,
ok,1,
overall,1,
top,1,
10,1,
dk,1,
others,1,
overrated,1,
waste,1,
money,1,
