i,13,
would,4,
definitely,3,
recommend,1,
this,14,
movie,15,
,,20,
another,1,
win,1,
for,5,
marvel,8,
they,4,
do,2,
an,2,
excellent,1,
job,1,
keeping,1,
the,35,
super,1,
hero,1,
formula,1,
fresh,1,
but,11,
not,6,
best,3,
've,1,
seen,2,
from,2,
spiderman,5,
spider-man,3,
series,1,
is,14,
thriving,1,
harder,1,
than,2,
before,2,
with,2,
``,2,
no,4,
way,5,
home,3,
'',2,
.,26,
doubts,1,
of,8,
being,1,
a,11,
true,2,
classic,2,
within,1,
lineup,1,
was,7,
concept,1,
that,9,
expected,1,
all,5,
action,2,
loved,1,
other,2,
two,1,
movies,5,
seeing,2,
3,2,
spider-men,1,
actors,1,
get,2,
together,3,
fantastic,1,
set,1,
up,1,
everything,2,
watching,2,
tom,2,
's,3,
beat,1,
demons,1,
once,2,
corrupted,1,
2,2,
nice,1,
to,10,
end,1,
absolutely,2,
amazing,2,
!,5,
great,1,
cameos,1,
and,8,
strory,1,
ca,1,
n't,5,
wait,1,
see,1,
holland,1,
back,2,
in,9,
my,5,
life,1,
opinion,1,
better,2,
avengers,1,
endgame,1,
watch,4,
three,1,
spidermans,2,
fighting,1,
villains,1,
awesome,1,
only,1,
hype,2,
....,1,
there,1,
are,1,
so,5,
plots,1,
holes,1,
...,2,
amzing,1,
story,1,
bit,2,
flawed,1,
well,2,
put,1,
togheter,1,
it,12,
does,3,
even,4,
matter,1,
rarely,1,
more,3,
then,1,
cinemas,1,
one,2,
big,1,
emotional,1,
watched,1,
whole,1,
times,1,
pretend,1,
now,1,
came,1,
out,3,
digital,1,
plataforms,1,
recommended,1,
every,1,
superhero,1,
fan,2,
general,1,
you,4,
wo,2,
dissapointed,1,
will,2,
guaranty,1,
if,2,
like,5,
(,2,
mother,1,
),2,
very,1,
probably,1,
find,1,
joy,1,
likr,1,
mom,1,
as,2,
clever,1,
tying,1,
things,1,
wow,1,
over-serialization,1,
just,2,
getting,2,
heavy,1,
me,2,
also,3,
ran,1,
about,2,
30,1,
mins,1,
too,1,
long,1,
crazy,1,
run,1,
time,5,
always,1,
=,1,
epic,1,
liked,1,
im,1,
pretty,1,
burnt,1,
on,1,
films,1,
wish,1,
let,1,
be,2,
we,2,
know,1,
happen,1,
might,1,
have,6,
stop,1,
bets,1,
film,2,
ever,1,
made,1,
plot,2,
jokes,1,
really,3,
brings,1,
10/10,1,
basically,1,
dream,1,
come,1,
say,1,
outcome,1,
battle,1,
between,1,
strange,2,
peter,1,
disappointing,1,
&,3,
losing,1,
mirror,1,
dimension,1,
make,1,
any,1,
sense,1,
last,1,
years,1,
their,1,
been,2,
some,3,
good,1,
bad,2,
worst,1,
still,1,
earned,1,
most,2,
over-the-top,1,
dumbness,1,
..,3,
torture,1,
leave,1,
your,1,
brain,1,
at,1,
when,1,
going,1,
catch,1,
fun,1,
gives,1,
depth,1,
mcu,1,
never,1,
tries,1,
deliver,1,
much,1,
service,1,
feels,1,
forgot,1,
along,1,
without,1,
return,1,
old,1,
quite,1,
idea,1,
what,1,
think,1,
explained,1,
characters,1,
first,1,
previous,1,
ok,1,
overall,1,
top,1,
10,1,
idk,1,
why,1,
others,1,
overrated,1,
waste,1,
money,1,
