would,4,
definit,3,
recommend,2,
movi,20,
anoth,1,
win,1,
marvel,8,
excel,1,
job,1,
keep,1,
super,1,
hero,1,
formula,1,
fresh,1,
best,3,
i,14,
seen,2,
spiderman,7,
e,3,
spider-man,2,
seri,1,
thrive,1,
harder,1,
no,1,
way,5,
home,3,
with,1,
doubt,1,
true,2,
classic,2,
within,1,
lineup,1,
wa,7,
not,1,
concept,1,
expect,1,
action,2,
love,1,
two,1,
see,3,
3,2,
spider-men,1,
actor,1,
get,4,
togeth,3,
fantast,1,
set,1,
everyth,2,
watch,7,
tom,2,
beat,1,
demon,1,
corrupt,1,
2,2,
nice,1,
end,1,
solut,2,
amaz,2,
great,1,
cameo,1,
strori,1,
ca,1,
n't,5,
wait,1,
holland,1,
back,2,
life,1,
opinion,1,
better,2,
aveng,1,
endgam,1,
three,1,
fight,1,
villain,1,
awesom,1,
hype,2,
plot,3,
hole,1,
amz,1,
stori,1,
bit,2,
flaw,1,
well,2,
put,1,
toghet,1,
doe,3,
even,4,
matter,1,
rare,1,
cinema,1,
one,1,
big,1,
emot,1,
whole,1,
time,5,
pretend,1,
came,1,
digit,1,
plataform,1,
everi,1,
superhero,1,
fan,2,
gener,1,
wo,2,
dissapoint,1,
guaranti,1,
like,5,
mother,1,
probabl,1,
find,1,
joy,1,
likr,1,
mom,1,
clever,1,
tie,1,
thing,1,
wow,1,
over-seri,1,
heavi,1,
also,3,
ran,1,
30,1,
min,1,
long,1,
crazi,1,
run,1,
alway,1,
epic,1,
im,1,
pretti,1,
burnt,1,
film,3,
wish,1,
let,1,
know,1,
happen,1,
might,1,
stop,1,
t,1,
ever,1,
made,1,
joke,1,
realli,3,
bring,1,
10/10,1,
ider-man,1,
basic,1,
dream,1,
come,1,
say,1,
but,2,
outcom,1,
battl,1,
strang,2,
peter,1,
disappoint,1,
lose,1,
mirror,1,
dimens,1,
make,1,
sens,1,
last,1,
year,1,
good,1,
bad,2,
worst,1,
still,1,
earn,1,
over-the-top,1,
dumbness..,1,
it,1,
tortur,1,
time..,1,
leav,1,
brain,1,
go,1,
catch,1,
one..,1,
fun,1,
give,1,
depth,1,
mcu,1,
never,1,
tri,1,
deliv,1,
much,1,
servic,1,
feel,1,
forgot,1,
along,1,
without,1,
return,1,
old,1,
quit,1,
idea,1,
think,1,
explain,1,
charact,1,
first,1,
ke,1,
previou,1,
ok,1,
overal,1,
top,1,
10,1,
k,1,
other,1,
overr,1,
wast,1,
money,1,
